id_bacaan,waktu,ruang,suhu_celsius,kelembapan_persen,status_sensor,tanggal,jam,hari
SNS0001,2026-08-03 07:00:00,XI RPL 3,29.3,65.0,Aktif,2026-08-03,7,Monday
SNS0002,2026-08-03 07:00:00,Lab Komputer 2,30.0,49.0,Aktif,2026-08-03,7,Monday
SNS0004,2026-08-03 09:00:00,XI RPL 1,31.2,58.0,Nonaktif,2026-08-03,9,Monday
SNS0003,2026-08-03 09:00:00,XI RPL 2,30.0,70.0,Nonaktif,2026-08-03,9,Monday
SNS0006,2026-08-03 11:00:00,XI RPL 1,26.3,56.0,Nonaktif,2026-08-03,11,Monday
SNS0005,2026-08-03 11:00:00,XI RPL 3,29.5,68.0,Aktif,2026-08-03,11,Monday
SNS0007,2026-08-03 13:00:00,Lab Komputer 1,31.1,62.0,Aktif,2026-08-03,13,Monday
SNS0008,2026-08-03 13:00:00,XI RPL 3,25.0,65.0,Nonaktif,2026-08-03,13,Monday
SNS0010,2026-08-03 15:00:00,Lab Komputer 1,29.9,69.0,Tidak Diketahui,2026-08-03,15,Monday
SNS0009,2026-08-03 15:00:00,XI RPL 1,25.1,71.0,Nonaktif,2026-08-03,15,Monday
SNS0011,2026-08-04 07:00:00,XI RPL 3,25.7,63.0,Aktif,2026-08-04,7,Tuesday
SNS0012,2026-08-04 07:00:00,XI RPL 2,26.4,66.0,Aktif,2026-08-04,7,Tuesday
SNS0013,2026-08-04 09:00:00,XI RPL 2,31.8,65.0,Aktif,2026-08-04,9,Tuesday
SNS0014,2026-08-04 09:00:00,XI RPL 1,25.0,53.0,Aktif,2026-08-04,9,Tuesday
SNS0015,2026-08-04 11:00:00,Lab Komputer 2,26.6,62.0,Nonaktif,2026-08-04,11,Tuesday
SNS0016,2026-08-04 11:00:00,XI RPL 3,30.4,67.0,Aktif,2026-08-04,11,Tuesday
SNS0018,2026-08-04 13:00:00,Lab Komputer 1,29.1,61.5,Nonaktif,2026-08-04,13,Tuesday
SNS0017,2026-08-04 13:00:00,XI RPL 3,27.4,69.0,Aktif,2026-08-04,13,Tuesday
SNS0019,2026-08-04 15:00:00,XI RPL 1,28.5,59.0,Nonaktif,2026-08-04,15,Tuesday
SNS0020,2026-08-04 15:00:00,Lab Komputer 2,26.3,49.0,Aktif,2026-08-04,15,Tuesday
SNS0022,2026-08-05 07:00:00,XI RPL 3,28.5,73.0,Nonaktif,2026-08-05,7,Wednesday
SNS0021,2026-08-05 07:00:00,XI RPL 1,26.5,54.0,Aktif,2026-08-05,7,Wednesday
SNS0023,2026-08-05 09:00:00,XI RPL 3,28.5,62.0,Aktif,2026-08-05,9,Wednesday
SNS0024,2026-08-05 09:00:00,Lab Komputer 2,24.7,47.0,Nonaktif,2026-08-05,9,Wednesday
SNS0026,2026-08-05 11:00:00,XI RPL 1,24.9,62.0,Nonaktif,2026-08-05,11,Wednesday
SNS0025,2026-08-05 11:00:00,XI RPL 2,28.2,59.0,Aktif,2026-08-05,11,Wednesday
SNS0028,2026-08-05 13:00:00,XI RPL 2,30.9,70.0,Nonaktif,2026-08-05,13,Wednesday
SNS0027,2026-08-05 13:00:00,XI RPL 3,24.7,45.0,Aktif,2026-08-05,13,Wednesday
SNS0030,2026-08-05 15:00:00,XI RPL 3,30.3,45.0,Aktif,2026-08-05,15,Wednesday
SNS0029,2026-08-05 15:00:00,Lab Komputer 2,24.8,57.0,Nonaktif,2026-08-05,15,Wednesday
SNS0032,2026-08-06 07:00:00,Lab Komputer 2,26.1,73.0,Nonaktif,2026-08-06,7,Thursday
SNS0031,2026-08-06 07:00:00,XI RPL 3,31.6,61.5,Nonaktif,2026-08-06,7,Thursday
SNS0033,2026-08-06 09:00:00,Lab Komputer 1,28.6,71.0,Aktif,2026-08-06,9,Thursday
SNS0034,2026-08-06 09:00:00,Lab Komputer 2,28.7,73.0,Nonaktif,2026-08-06,9,Thursday
SNS0036,2026-08-06 11:00:00,Lab Komputer 1,25.8,48.0,Aktif,2026-08-06,11,Thursday
SNS0035,2026-08-06 11:00:00,XI RPL 2,30.2,54.0,Aktif,2026-08-06,11,Thursday
SNS0037,2026-08-06 13:00:00,Lab Komputer 2,29.2,61.0,Nonaktif,2026-08-06,13,Thursday
SNS0038,2026-08-06 13:00:00,XI RPL 1,27.0,59.0,Nonaktif,2026-08-06,13,Thursday
SNS0039,2026-08-06 15:00:00,XI RPL 3,26.1,68.0,Aktif,2026-08-06,15,Thursday
SNS0040,2026-08-06 15:00:00,XI RPL 2,28.9,69.0,Nonaktif,2026-08-06,15,Thursday
SNS0042,2026-08-07 07:00:00,Lab Komputer 2,31.3,57.0,Aktif,2026-08-07,7,Friday
SNS0041,2026-08-07 07:00:00,Lab Komputer 1,31.5,75.0,Nonaktif,2026-08-07,7,Friday
SNS0043,2026-08-07 09:00:00,Lab Komputer 1,28.5,73.0,Aktif,2026-08-07,9,Friday
SNS0044,2026-08-07 09:00:00,XI RPL 3,24.0,54.0,Aktif,2026-08-07,9,Friday
SNS0045,2026-08-07 11:00:00,Lab Komputer 2,29.0,68.0,Aktif,2026-08-07,11,Friday
SNS0046,2026-08-07 11:00:00,XI RPL 3,29.0,45.0,Aktif,2026-08-07,11,Friday
SNS0047,2026-08-07 13:00:00,XI RPL 1,28.5,66.0,Nonaktif,2026-08-07,13,Friday
SNS0048,2026-08-07 13:00:00,Lab Komputer 2,24.9,46.0,Aktif,2026-08-07,13,Friday
SNS0050,2026-08-07 15:00:00,XI RPL 3,24.8,50.0,Aktif,2026-08-07,15,Friday
SNS0049,2026-08-07 15:00:00,Lab Komputer 1,26.0,63.0,Nonaktif,2026-08-07,15,Friday
SNS0051,2026-08-08 07:00:00,XI RPL 3,24.8,64.0,Aktif,2026-08-08,7,Saturday
SNS0052,2026-08-08 07:00:00,XI RPL 2,29.7,55.0,Nonaktif,2026-08-08,7,Saturday
SNS0054,2026-08-08 09:00:00,Lab Komputer 1,29.6,49.0,Aktif,2026-08-08,9,Saturday
SNS0053,2026-08-08 09:00:00,XI RPL 1,30.2,53.0,Nonaktif,2026-08-08,9,Saturday
SNS0055,2026-08-08 11:00:00,XI RPL 2,26.9,56.0,Tidak Diketahui,2026-08-08,11,Saturday
SNS0056,2026-08-08 11:00:00,Lab Komputer 1,28.5,75.0,Aktif,2026-08-08,11,Saturday
SNS0058,2026-08-08 13:00:00,Lab Komputer 1,28.5,47.0,Aktif,2026-08-08,13,Saturday
SNS0057,2026-08-08 13:00:00,XI RPL 1,30.5,57.0,Aktif,2026-08-08,13,Saturday
SNS0059,2026-08-08 15:00:00,XI RPL 2,24.8,61.0,Nonaktif,2026-08-08,15,Saturday
SNS0060,2026-08-08 15:00:00,XI RPL 1,24.2,46.0,Nonaktif,2026-08-08,15,Saturday
SNS0062,2026-08-09 07:00:00,XI RPL 1,30.0,57.0,Nonaktif,2026-08-09,7,Sunday
SNS0061,2026-08-09 07:00:00,Lab Komputer 1,29.9,72.0,Aktif,2026-08-09,7,Sunday
SNS0064,2026-08-09 09:00:00,Lab Komputer 1,24.7,63.0,Nonaktif,2026-08-09,9,Sunday
SNS0063,2026-08-09 09:00:00,XI RPL 2,24.3,61.0,Nonaktif,2026-08-09,9,Sunday
SNS0065,2026-08-09 11:00:00,Lab Komputer 2,29.1,48.0,Tidak Diketahui,2026-08-09,11,Sunday
SNS0066,2026-08-09 11:00:00,XI RPL 1,27.8,61.5,Aktif,2026-08-09,11,Sunday
SNS0068,2026-08-09 13:00:00,XI RPL 2,29.6,66.0,Nonaktif,2026-08-09,13,Sunday
SNS0067,2026-08-09 13:00:00,Lab Komputer 1,30.3,61.5,Aktif,2026-08-09,13,Sunday
SNS0069,2026-08-09 15:00:00,Lab Komputer 2,30.2,64.0,Aktif,2026-08-09,15,Sunday
SNS0070,2026-08-09 15:00:00,XI RPL 2,28.5,45.0,Nonaktif,2026-08-09,15,Sunday
